edad,ingreso_mensual,tiempo_transporte,gasto_mensual_transporte,nivel_satisfaccion,frecuencia_ciclovia,percepcion_contaminacion
56,20031.464046072204,27.45124746434568,701.7130494214462,8,5,2
46,12115.540652384256,10.0,1221.9736443999395,3,4,3
32,19178.460560325708,44.58727642424046,916.1680581003309,10,3,10
60,9351.46572671191,71.58377395004617,696.5980357298662,7,3,2
25,17649.020889576415,69.91888821821806,1113.193179830252,2,4,3
38,22207.843103289502,38.14355615120592,1076.6068846176722,4,4,6
56,5000.0,35.966819094573296,2170.6865945382087,6,0,3
36,11015.523722647617,52.031613841125356,1373.1839301442785,9,1,10
40,17885.3606359027,30.024218412175628,648.9529996983051,5,4,8
28,13984.773069785037,49.52687849729199,974.0903983316231,9,4,6
28,16855.729366856543,56.491204175770356,1608.5533181717594,5,2,7
41,11980.074066420897,63.403998358264616,2035.37710914797,10,5,1
53,15432.9489373645,43.49768885280071,565.6066751048166,8,4,3
57,14221.613823039603,41.94489374734551,448.03024594438193,1,1,3
41,20838.910308299037,31.830261198651584,1948.3860701487129,7,5,2
20,16272.104216506066,32.5967946894021,1355.8456709483617,4,5,7
39,16688.01331037601,41.602816621477096,852.6829072494534,5,3,9
19,12940.615169387664,50.510482602242675,1413.8516344489742,6,3,4
41,12561.968879637532,58.703769393498746,300.0,5,3,5
61,12837.209060901896,32.95231573979483,1201.3502026388644,1,3,3
47,16972.260711891486,67.39032853439282,1331.128469137234,9,2,9
55,12895.077595898685,40.93314598436147,1569.708055815132,2,4,4
19,16448.874284482066,44.67949058477346,794.441619082985,9,3,5
38,25377.003993227194,33.79182481278265,1234.2748645613435,10,0,1
50,19355.623517158463,10.0,829.830149576165,2,3,2
29,13369.882339160795,58.26068094541574,1302.153502269727,9,4,9
39,21006.069610819723,56.0526584563865,841.8614710547904,6,3,2
61,12959.623134892243,40.780086643226795,1036.7596643359118,9,2,5
42,5000.0,46.00486075837308,801.6738420839083,6,1,8
44,9959.56844541298,52.73908826556149,1460.4544967294628,6,1,3
59,5646.040394870721,21.56181214670186,1543.3804466626661,2,4,6
45,13242.432579793456,37.06420983980558,1106.1517720170345,8,1,4
33,15092.091895947759,56.913970194327405,1215.2951979840113,3,1,7
32,23382.186561376413,26.18565865246126,620.5634341465824,7,0,10
64,16634.636868820813,49.40336898249944,1080.1293407972853,5,4,3
61,13904.497355955678,24.651272930648926,1179.9181531833021,3,4,6
20,19147.027905917446,51.996449736502896,2248.31723641199,1,1,10
54,5000.0,44.465377765537745,755.2131896903345,8,1,9
24,16178.07279054283,20.77302276141736,1785.670895500975,3,1,10
38,18854.325969434834,62.47109031685757,1598.7435093863232,2,5,1
26,7607.068771100792,33.981126348029264,1312.2545617960545,1,2,3
56,20718.770216034645,32.84621344478428,1903.4481936780535,4,3,2
35,16692.48203747207,48.008537958464146,1348.842189042745,8,2,8
21,12923.560430495994,62.22956024143073,1355.6636782671715,3,4,7
42,18163.909330531424,29.762672715324044,1178.7517387929818,1,0,2
31,26353.46428902198,45.92519774771957,1689.427552967451,4,3,6
26,15909.331275292476,51.432247504958596,1638.5876935243534,9,0,3
43,16241.10293150168,55.39658410894716,949.729085001515,1,5,8
19,12703.195502298779,47.64662332915838,672.301122160493,2,4,10
37,10750.778152676041,39.494582413750166,1118.8077450417372,9,5,3
45,19151.679082721228,32.5861466902692,879.9845742409414,2,4,10
64,10719.580870455664,46.292158245695624,1174.590170153858,3,0,9
24,15357.831186096962,28.917914820215895,1694.9752538736557,7,0,1
61,12611.712766174416,10.0,1017.079337965284,3,0,5
25,17394.89912873196,51.54839706236502,1182.87064747537,9,4,3
64,16668.31052643474,58.55902261629293,1223.209093923358,6,1,6
52,20187.699721289497,10.0,1539.3723528821138,3,0,10
31,12449.918005726264,29.854039429350937,301.24426640615786,9,5,2
34,13650.625323533144,54.287313915077966,957.3198820938812,1,3,9
53,10106.181421088462,75.86243204567548,1284.513476911789,10,4,6
57,12778.533699619442,45.31190561513112,1680.0315825707444,3,5,7
21,16886.50246522426,34.07995588156298,1003.239020997518,1,2,5
19,18784.94308322676,42.256553383427395,449.3789175832503,2,2,9
23,10389.173379111873,65.62314628722277,1447.8845783864545,8,3,1
59,19348.0296005283,35.310537313131974,945.8550444697482,7,1,5
21,21778.189294024756,33.0121199002462,724.1333363638555,2,0,10
46,17067.174516118503,37.758847167269515,950.2618441147104,2,4,6
35,24383.979062790328,30.700070876119312,1126.1898569376601,9,5,7
43,11131.054004482135,46.84005473992193,958.1021341847149,6,0,4
61,8776.726483442915,69.3701768770434,317.7735771603724,5,5,1
51,6106.398755478607,49.84618909674044,1558.8264787548528,10,4,8
27,22480.221557445915,41.21469746810568,1709.950016511489,6,2,10
53,18271.82828177029,40.62283096626684,1460.6087965358024,9,0,4
31,14722.076645447725,21.552137869550144,744.9257318300733,7,3,3
48,16399.8431315991,58.246646657207386,1119.4033864209928,10,1,7
32,9372.554763508117,43.83244204480797,1197.3914739082168,10,3,2
25,27228.759898084132,42.29280129614062,1439.5177558247642,9,1,8
31,15646.105909876138,92.8966135176729,1467.3361954872323,4,5,6
40,15546.973973024464,49.48129362548529,906.3304804886018,2,0,7
57,18628.833119493458,33.72313424857224,1232.798222565424,8,0,5
38,17405.046158683566,38.60463605691685,1382.9121618460965,4,1,9
33,16119.420121395657,62.22668563795132,1782.3289288587066,9,2,5
62,11047.62772277344,46.69905615806647,1481.8026159298893,4,4,5
35,17357.34178567998,23.4258303252395,1515.6226749502075,8,3,3
64,24410.12248237517,58.78843401862805,1233.5306511717445,9,5,1
41,21727.10023077489,34.97783871691509,1764.1836580814015,9,3,2
43,22965.933133196984,73.09946664326318,1363.905118383799,10,3,8
42,12443.921617844075,61.20072098571973,855.5648359305718,4,5,1
62,10051.975898707096,38.29017156511873,1761.3479880500763,1,5,7
58,14371.06539950176,64.2152454260267,1479.161309015611,3,0,5
46,15278.624561443474,46.01783265791105,1022.782391548607,9,3,3
32,20470.95759235474,57.79160512683329,1008.2028130403027,4,4,7
62,6537.676851425904,52.27099225941712,1318.6302180563048,5,4,9
18,22647.751597303068,32.3046501751369,1385.273918107034,7,1,2
42,14209.960507105054,35.346752515238066,1278.9169062524825,5,5,8
24,12865.5946502629,60.44941226371742,1324.523469377154,4,0,9
26,9939.478123699162,39.97837001840189,1879.9829498305521,2,4,3
41,6725.716640671153,38.94527305137005,1628.6172608939542,2,2,2
18,19115.85291980957,30.673161309759706,1276.2542365060096,4,0,7
61,15366.589835942019,51.353985983901914,1576.5242323069933,10,0,5
25,8550.195501294731,75.93787378864718,786.9904385889843,10,4,5
41,8524.60613968192,28.987006286185906,1359.1708199787236,9,2,10
28,13321.076503549359,45.36329185009137,1923.7225398932442,8,1,5
34,23345.107626446967,66.18330833123144,1112.7816418430505,3,4,4
25,13702.043243181975,43.805379131314275,860.9464285523661,9,2,5
52,7484.285234409469,51.78557694374601,939.1644445627758,5,0,4
52,13771.284679570279,29.064097077796802,764.1467850630447,3,2,6
50,13636.382151261647,51.42460645811473,886.0952367489186,5,0,4
22,5000.0,42.192836024931765,1051.7967605639883,10,4,2
59,14728.525667410939,59.78594993519795,637.7731923285432,4,5,9
56,13845.32734895661,62.81079077347127,1206.2473335798413,8,4,2
58,18481.031824067093,83.84345463027921,1560.9108695146588,5,3,9
45,24244.780474726726,53.69449759820363,836.8975279412318,10,3,10
24,20632.825147738786,49.886944748732496,1807.7135694567075,8,3,6
26,13655.556547225848,47.91576452366004,1404.3168354110378,9,4,9
25,9467.370456291648,39.702505607839676,1612.232234249623,4,1,9
29,27866.7990162493,50.077257651925365,936.8661784591452,7,4,3
51,15296.092170072441,40.56897884791456,1541.8100908266463,2,5,1
50,15069.64645956473,47.52691464404421,763.2264398418748,6,2,1
40,14879.374564449983,64.7639630341194,1556.0990003346035,8,4,3
41,15990.423803839274,29.901861520805383,1268.7357359174125,7,4,5
54,14278.197940380287,62.09817841693568,1421.3004879939135,7,0,3
52,12131.689965598818,64.75672601009798,729.7621577500594,8,0,9
61,12265.705293798039,43.22897209513382,841.9720630893581,7,0,9
57,14836.233648920008,13.172176514871083,1438.891287301354,5,4,3
39,12282.876144331174,35.882670193583515,820.6607983103197,7,1,3
44,11435.771086614179,64.45491819841664,1385.2825168396491,10,2,5
52,15532.151138459485,44.656979065516765,653.1448774159016,3,2,2
18,13725.113912895724,30.01046651557634,1539.2696850666673,5,5,6
52,22519.964942913444,37.42837618157674,706.9906740925964,7,1,7
54,5000.0,57.6093003975683,1420.9199750718094,9,1,9
64,20457.53425961231,53.20100352302069,1450.2523734584004,2,2,6
31,21230.425962488145,41.416018512454585,921.29127262817,4,3,3
20,5000.0,39.49763382277969,1432.8106268338906,7,0,5
18,13286.562029598255,39.12362776434267,1304.1769053334224,1,0,4
22,13142.795670021043,31.163847232522464,984.4632575229047,2,2,5
43,7962.441526410894,69.23063534204162,796.5781263695168,9,1,8
31,11110.916562045622,40.1651929618299,414.94972333096837,10,5,8
56,9447.120772670856,63.257377812382444,1339.8600189198773,7,3,6
44,23761.352217118114,67.81974077883677,574.078891455178,10,2,1
26,19678.391965737304,59.974663472219405,1238.1376797765233,7,0,8
32,21357.775474970793,38.52569530922928,1094.6207135671004,6,4,8
32,18608.360320216176,51.05595135504914,1471.6571101752781,3,1,2
43,9354.741143913854,44.63706590413626,1079.1818002040543,10,4,4
59,12377.398668601132,31.444472089048077,1068.2208854611636,3,5,2
30,17446.87280613959,49.865389225824046,1492.7482817153182,2,2,4
49,8889.360955540273,27.314403132602962,1334.023211633647,6,0,10
56,18564.99215086194,62.815190826923455,1326.4623828731112,4,3,7
49,13798.373009209325,38.03074054052411,1387.7070359234106,5,4,9
21,13125.895962252012,48.01739483809259,585.7711507171576,3,3,8
47,18554.79984101746,49.24931807319213,1502.7154719947928,6,5,9
54,17221.3165574302,41.11642539443884,1444.9875176054409,3,0,8
40,13195.1691709046,53.80040702212912,793.3267485694012,8,4,2
56,20796.64901682124,37.876445150662136,1102.3678105303195,9,5,7
62,9594.683362000513,58.06945946185866,1184.2770849489475,4,3,2
32,18079.67803472132,24.810304796298773,1146.201286239307,9,3,2
60,17965.50628984192,46.89569369319618,1333.543986627414,7,4,4
46,13452.267803430048,74.08393498587427,1772.5467127324735,3,0,1
53,16630.66511121059,29.99503013091638,1632.7066910691315,7,3,5
30,8744.432118073484,34.83382544212723,675.1123226274375,1,2,6
49,19620.135096034504,52.708617744883725,1448.8279961224196,3,5,9
24,14075.489317785055,47.69372672909397,1731.5733278141638,6,4,10
39,12386.384897404801,50.25945148910339,1354.723408275681,4,1,8
45,20245.046129184448,52.337806952214954,1636.3921700743867,7,1,2
19,11478.281547286204,54.52082202842655,2004.908178280306,3,0,1
59,7957.693518182202,61.645497629343346,1609.4838184427927,1,2,2
62,7216.854132380481,51.147279853927685,1299.7234382566915,9,3,7
23,18030.0497567282,41.38113518072186,1618.0353896339013,6,1,4
45,8597.853237518584,55.08860551804097,1257.9551332387564,8,0,10
45,23773.970909921823,73.49822902342824,1209.5612173139823,3,5,5
61,5000.0,43.010493804261394,1059.434305714507,8,2,7
61,23482.28184145019,30.382060429940378,1825.3653435328433,2,2,3
37,16055.087336013092,61.60621003930459,872.6285336231995,4,0,10
47,14516.434440648038,43.19428254069603,1812.9470898712464,3,0,2
28,12275.40456595525,12.409956809789456,1399.9456494961485,10,3,7
45,16995.680571760353,57.711325157256326,640.2775300792234,1,0,5
42,14811.826487875758,36.97007721069116,1347.0597171965687,7,3,1
56,20516.509410082606,43.64200076543759,359.9893969393504,10,3,1
50,15571.138243310199,49.979704958535216,1450.2032067324144,2,4,9
18,15751.508807309388,47.857495196685996,1554.0925931955965,4,2,5
44,13181.938938930722,55.64177725708559,963.0576177391786,9,5,1
30,14715.271881394663,38.46770444145235,1249.419078382233,6,2,7
58,16539.008844460295,52.69658697264124,1981.6629735001145,8,2,9
20,6449.158036716872,41.106799836241244,997.7013182952253,2,4,1
56,8259.072889471434,56.08215721331254,776.4369651773598,7,3,10
23,18716.320470113576,54.2305122601958,1792.6653609850396,6,3,4
25,15854.32719063971,30.96841946933107,1985.034876212318,9,0,3
44,14080.083318236604,61.289731742625484,1201.478268739139,7,4,5
26,15092.169665326966,36.96054832328928,1604.5852141633425,1,0,7
54,16737.908526808355,57.12086697421718,1736.5903662123524,8,4,8
50,12301.201598453194,50.50930970102011,903.0063069846465,10,0,2
59,11108.476372988436,72.57275515192684,1005.8776658528527,3,1,7
61,15979.226275488407,41.64801026442222,1692.349805261894,2,2,1
41,10108.13611192484,39.760248058227035,1874.0057114834037,3,2,7
32,17041.26377857236,44.708705911684014,1425.152344069742,6,5,8
49,6487.081978810798,40.452303257485866,848.0742585991783,3,3,2
49,20145.778186628217,56.99912852913075,1994.8244446797764,10,5,9
41,17362.987412065217,20.755340873451182,987.6116408752142,5,1,1
58,16280.148671569379,29.194763712804686,1065.9448875314192,6,5,6
29,19913.45491972757,28.982956176312104,1336.9351337958485,8,2,1
56,23327.372222312883,59.25461387960364,1821.6641682859097,7,3,3
19,20071.85032509065,70.65920058872888,1541.5903906208896,8,1,6
20,5795.628843341774,43.433261721937924,1365.9462001447641,3,2,3
54,8602.115166321491,42.46767415214984,1385.3154120472425,4,0,8
34,11875.907111521607,46.050782446697724,1217.4058674573864,6,4,5
19,15130.455251054169,62.42817453912286,1423.2558058074026,7,1,2
19,17588.295102345615,31.089702987141386,300.0,9,3,4
45,11371.280934232673,48.57553474102178,1081.3570163720806,1,5,9
40,15933.833822385392,59.62796444673644,1296.5287739667124,8,5,4
54,11223.085338233388,52.51641254909768,739.5943665521972,8,1,10
49,11942.410985040258,47.843724248981154,1354.529327124624,6,3,10
50,7966.694515758889,60.01569138850712,1118.2115116055513,4,1,8
18,10383.833769445479,10.0,1902.190279326196,3,3,5
36,8241.576971918332,55.16812979296361,1829.2078900859424,3,5,10
19,10120.633735113337,35.188864753088644,1013.6777723527348,6,2,1
61,20268.2089830392,17.540506547153146,1139.664915373322,8,0,7
43,10253.005555840286,52.66803899287471,1170.420973756643,7,2,3
49,28161.910324186952,65.60487817744436,1019.3362095361509,1,0,10
23,17466.589504404445,42.93827228058462,1278.0099936112506,6,5,8
49,15924.18061847437,59.293118208044085,896.687172444964,7,2,3
21,10708.211099093933,69.18417386982968,747.7538660249895,7,2,1
28,18501.549397044957,64.72371680376071,1449.0844895601074,9,1,5
34,12121.81086881113,69.59946794057089,1451.8118336887244,10,4,2
55,15610.049073226808,56.13191236607838,878.2736961360031,5,5,4
41,27800.42269134397,46.13150458352389,1558.1421723050398,1,3,1
22,14519.70050137675,20.970512821542474,947.3689083338675,2,5,9
51,20746.36663142838,41.30906267805077,1301.2660952151925,4,3,6
23,11484.117874370564,32.35130107025712,1528.1376050449824,5,3,8
39,14825.05754751519,77.5641407624672,1186.5549741185148,9,0,4
28,23854.00317817755,42.36171281351495,1381.8963648564538,1,3,9
33,11865.164711061163,46.848072101767286,993.4281424449713,3,3,2
50,24062.242789984644,53.272280640607015,1121.4133666287612,5,1,9
26,18538.759677277376,45.654036695586804,1117.656227647864,3,2,5
23,12187.666120528662,70.4257656064613,901.3686613839045,4,5,6
33,18162.038695277606,35.66025957398322,1129.2903347536871,3,5,3
46,19862.77224813365,47.91911182855864,580.5526804545013,4,3,4
20,18109.04981108598,33.86294121452927,1003.5385011431581,1,4,6
37,7148.876400547718,25.199662331689414,1086.0498026521316,8,5,7
53,11364.314120875657,35.82346363642072,1097.528099001848,4,3,1
36,13762.406822242476,44.44444804427382,1103.4010216516886,7,0,7
43,14627.83285449977,38.5604666322411,1175.2943200559484,2,0,1
20,18103.36048775339,34.61368530189216,1391.7766072344257,2,0,5
36,15888.505004666269,23.90523804492249,1549.8068296530091,6,3,6
37,8323.278206449493,43.75341641056958,940.0939092606932,2,1,2
49,16900.989255029817,22.429194389534967,718.7196578443422,6,4,10
24,18052.928726419115,56.40083945534404,783.1822351027588,2,3,9
58,17798.9522396552,46.23659629401755,1005.1188315220292,4,1,10
50,20403.90362777311,23.13672750802604,1059.2314728733963,7,1,6
57,19169.61077274452,40.36186384425205,892.001573521017,8,5,7
56,17295.900396142184,33.71765391614125,681.5533343000423,3,3,10
35,14649.171442706765,49.78761765628771,1017.5516690103248,9,3,8
57,6695.195332420042,65.10675669034717,1272.5706480455885,2,1,10
18,17148.09109566293,16.87241295531383,1438.011786334226,8,1,1
28,16038.438435815555,46.72539118721126,977.0307787566716,8,1,8
45,16357.894185976867,42.59800806650039,1034.8008711426264,4,5,4
42,8616.257120898452,55.07010114675698,829.3206764610757,1,3,10
40,9594.717297958689,48.19794942356533,1187.4243318500894,1,1,8
48,20265.76426666452,33.72046002391771,860.6285463236742,2,0,6
47,14802.224230716725,40.214190965000725,1429.25112529648,9,3,9
59,18407.503486863123,33.05961214794766,485.6534032263555,2,5,4
52,15141.591880652306,61.14010707897897,1056.148131019015,2,0,2
24,15148.780697478725,45.319674730079136,1320.4429356766968,6,2,2
33,19691.419029879988,73.5178602862951,1273.5338065290018,7,3,5
43,12419.77635891313,44.090087792780686,2277.2134655921986,7,2,10
19,15480.603884704917,34.37389849634306,1339.920009827163,9,1,9
18,12688.623556474788,22.29428411080759,798.3781612631959,6,5,3
29,12827.518862838422,17.952904856160824,1161.8143011643708,8,1,8
22,13454.139382656804,21.237960854917652,489.5014666134193,6,5,4
54,16110.668858168565,49.00689976517225,1167.7601002812958,2,4,6
49,12606.256891682613,52.63087534844901,866.7775771996965,1,1,10
26,21278.780627867603,21.282139469518,1566.1561102240648,5,2,6
58,10526.96348890248,58.425574711141735,980.183890161786,9,5,3
52,14065.641779193205,37.75408422474841,1153.2936336819014,8,1,5
36,12801.344708629125,47.20189517978324,945.7768634382387,4,3,3
33,22234.889421768665,69.18330942383136,1895.5405407413325,5,5,1
20,15982.773882557873,58.452589737982976,1071.5028935528353,5,5,7
37,20159.222697343175,40.97204028141252,1933.0228173916807,6,1,4
41,7572.19813481514,31.632116618770688,1525.6607048473065,3,4,7
50,16335.251329346294,12.722768980060422,1392.8266909341544,5,1,3
41,19448.153978117185,34.212700211363696,1347.493258927008,2,2,5
28,15411.41994637712,41.83304641758458,1357.5189192865007,10,2,5
25,20327.401875326756,30.192307092732243,428.930968261756,1,5,2
53,12413.557749498139,43.031145493615426,1088.4466423396973,1,5,10
55,22046.7372009279,46.15277824438152,1538.0631884737286,10,1,2
57,26494.49061809625,41.627160272878825,1180.4411266103577,7,2,4
37,13185.807197801705,35.249961287648105,637.92406127857,2,2,4
52,12772.487392996141,47.529820079500915,1179.0382197690121,4,4,4
42,22266.922385588507,51.629109743541136,1881.6422065021966,5,3,6
52,22897.860728653563,28.64401383835731,1698.7566862138879,7,4,2
42,12385.699864233658,66.16398569619405,1175.1983962535874,2,0,6
46,12899.065914520714,43.521178015736076,1580.5797108232346,6,4,7
35,13591.076955697465,45.28274434417271,1053.3971918527793,1,1,10
63,8277.747444828616,55.62321634884836,518.4513652693124,7,3,3
35,10406.740267579009,48.49824196895253,830.2136047481782,9,1,8
19,9979.296166239661,59.29704950869868,1825.155507403279,5,0,2
52,11161.012174479358,49.30686247802736,1090.4027672682782,5,3,8
33,14826.575563066093,35.81343938039343,1102.6464082499929,4,5,5
58,16171.073662682604,50.42255287809152,1080.0647214900478,3,2,2
53,22752.502464070385,27.844106890190073,1961.6546358292028,9,4,7
50,10008.229796306045,46.62839558664785,1850.3835661448252,5,1,2
21,19921.611992382917,44.50155014033309,2087.5120933792537,8,0,6
50,13930.055778872455,41.8782471409119,1136.3819158399795,9,2,10
31,14752.681451737835,43.07193732841604,1318.249795498838,5,4,3
38,18374.097460833018,16.772264317535413,593.3429802316836,10,2,9
37,9386.389892188507,36.76912638388558,1790.7737704473097,9,4,3
25,16912.048730920254,46.39267351711672,732.888179492826,2,5,3
24,15832.26104106528,47.397845879961004,1286.7102255050515,9,3,5
20,17462.256320040746,29.584872886110627,761.0789889468624,4,2,7
34,16445.843219539092,63.985617612970515,964.4532693045215,6,2,8
50,27276.50069955447,32.007377276782485,865.0950275801199,6,2,7
29,11811.300078743421,59.541858007901055,956.8498957296729,6,3,9
39,12345.015224990912,51.40791542807527,984.3509187404086,2,0,5
39,11884.297367876177,35.30659035234295,980.6924820299691,7,4,10
63,12222.614404198726,71.62966338914268,1533.3335647121228,6,5,3
47,11813.064363467412,27.095447523652798,758.0548827749919,1,2,6
55,20945.082655537757,58.787312604150024,1288.2165708055468,2,3,5
55,22102.521239949274,60.00873477064467,1687.1836609222232,7,0,4
62,12146.26853125262,34.94069686385033,994.7214541946416,1,4,2
25,10838.222134478856,65.88697950096493,912.8324437009593,1,3,7
44,17357.07778193202,41.24930228101571,1107.7901499278996,1,5,5
44,12238.884778595144,49.33040443919786,1671.890083344284,8,5,4
51,18164.659088777553,48.90482758156831,1277.643052381343,4,4,8
38,16014.615104256498,42.98536887794178,987.5142821569606,4,2,9
47,7421.27942501384,57.16212409739673,1393.5506604752159,2,5,9
50,22737.526006650307,56.902330808283196,759.0831400654306,1,0,3
45,23979.388365477607,18.772020401427287,1472.5438041771793,10,3,3
64,11936.05654757807,64.56510364317229,1363.442923080707,9,0,5
50,13061.492200320079,20.062620179464886,1076.8766115444464,7,2,5
22,16429.326953624524,60.48819306512486,864.5656806211076,4,0,10
36,16672.283949935125,61.90057705241375,845.3276310866171,6,0,2
21,18292.72136336415,28.635503546772025,1413.926934538364,2,1,1
52,25051.02269383175,38.83778568068123,1691.5922009956248,7,0,8
34,14115.263862529753,28.414429972710963,945.0769011884821,2,4,3
61,11008.513777307731,41.77618454566897,1383.3546814205938,10,3,1
45,8103.403859927364,40.379485737213884,365.1891925591725,8,1,1
47,11345.349800290405,56.6949079840401,966.1529077371201,8,3,2
46,14834.365135631015,64.65463119179412,1187.5764268516393,1,3,6
63,23972.78931758894,65.93525716184934,836.1266332072665,8,2,6
23,12411.943504819143,36.567479601325466,825.3974500841616,2,2,3
52,16118.939758194492,41.86167189383208,932.8881774124455,6,1,4
58,14917.88551963624,19.748427116685747,1316.8770913305493,1,5,2
54,20941.96636724042,32.911949002557165,1125.0683926374502,5,2,2
41,27634.66212936811,59.47277449646187,304.7075066700112,7,2,7
46,12345.656135398396,69.23374235322348,351.7199389459736,10,2,1
63,12552.80278740889,26.48476692180117,957.2539288571298,1,3,7
48,20220.80438534536,36.11303611270659,1383.0746344214208,2,1,1
52,18409.457448131558,44.603913645616096,300.0,7,3,6
50,24233.536628680165,49.2024173822941,1000.1079295393478,6,4,3
38,17919.64092662982,32.85594720117531,989.5008573930315,3,3,8
49,13203.539546064701,51.36091566696135,1755.335111283379,10,4,6
40,17953.274153461545,37.89240979393626,1045.9912753148546,2,0,2
50,20543.517902914537,44.78321593682581,1353.1955938963713,10,0,8
20,19102.41090598682,53.194263720055496,1256.5028560349854,4,4,5
35,17536.37015553649,45.09633404716407,347.7734080771197,3,4,8
42,20333.37344794577,38.45421164210147,1507.282886652695,7,3,8
59,20846.477952228364,43.35585294111254,1286.158602182515,8,4,6
48,21910.794955187637,43.67455561191997,1403.3074558698358,2,1,2
20,18243.54943794821,39.449834551768085,2770.495082574531,10,0,8
57,14164.409598415728,41.11805905999346,366.3548242005646,7,0,6
63,15733.568432166614,68.97970755757075,1889.8786599044433,8,5,6
41,21032.544832541782,53.41379171911858,1085.0209922398578,6,4,8
49,10915.32164506382,40.56779522956259,1314.9315617612037,6,2,1
64,16843.366544364508,55.45431606766103,1181.7951018795031,10,2,2
39,13033.305938363197,39.99270765365985,1030.3054666407825,1,4,9
40,15143.724114674087,62.596869563799615,972.0668287044965,4,1,8
19,21392.259313036495,50.544632882971406,1331.8034942292036,1,2,7
44,15955.495340099516,43.39046783993657,593.1305213313284,4,5,7
59,15232.182740780743,51.715753887154165,1500.2316670087062,2,4,5
19,8200.719295100404,21.43685771897251,1033.5222380458983,5,1,2
43,18731.267830136105,28.09848796635292,747.9722643838569,10,1,6
34,18227.420905705378,27.09112490401417,1019.9948568016746,9,3,10
57,25816.2736165273,47.1441464214556,1702.8596867450292,10,1,3
50,13461.108825234996,70.98772499227638,985.8659651935108,3,2,4
26,16095.751638319694,78.46950219288948,1343.381447283848,8,2,10
60,16246.918418553776,54.57076652161136,907.6174897138108,3,4,2
56,22887.266398817374,52.51266712416685,1503.1687399694479,6,4,2
46,14523.522338065239,17.984133987708915,1474.2030955160817,4,1,8
59,16395.107628851696,36.859893003989676,1939.4435333185647,8,5,8
43,18039.482548582695,33.183243721376414,1129.7744218003138,6,0,10
52,15933.04561578179,35.68728602623326,1467.4619219031626,8,3,6
42,12767.831927247358,42.47784272122816,1239.2270158155777,1,0,5
41,15970.449964491538,37.91864133454309,1718.3487127452058,6,1,8
30,20368.158749298862,15.310502844363185,912.4670449565078,1,1,4
24,9867.423502944699,56.21865384176301,1498.0021251509124,1,0,4
53,15664.84837073438,28.908854613902903,1122.1210815533273,8,3,5
62,11499.395925304134,48.588702961667245,1174.3247291566008,7,0,1
37,20975.233144624213,76.1112400462496,1236.7009937793491,3,4,1
18,7384.065476081127,31.209231126203647,1300.8961585706709,6,2,2
25,12205.390763642059,10.0,1153.5083827512167,9,5,8
63,16886.059375322606,40.70993667179834,1285.8852732682105,7,4,7
33,22827.620146171703,61.51439452497857,1831.2472230248738,3,2,10
31,14671.248694635062,74.37521181330891,1594.1798742460874,6,5,9
29,12224.002366534009,26.55675608321375,1547.6618369987586,4,5,5
40,24405.785347202953,52.45048834854782,1017.7841895904517,3,5,2
32,7759.93049791878,38.0203431482992,844.3036687086703,9,1,7
45,5000.0,43.410774685437964,1582.1202232951011,10,5,8
51,17200.07225026666,84.66515020525551,1550.4187170119176,2,3,7
19,12489.728878236943,22.455445074072703,1789.0682703003927,1,0,7
49,9893.835914346433,48.8060949224186,958.4077496123082,2,3,5
40,18541.782236496765,52.0153975764815,1108.180537855861,7,0,2
39,16219.003568855995,61.286794874090205,544.2063349898264,10,4,6
42,12179.606846316357,46.46974730206343,1043.0115575756508,1,4,4
39,8598.478006645528,49.62075809256154,1598.628204231779,6,0,10
39,19362.286641400722,39.125271488673135,1013.4018483087208,7,3,2
59,18251.005889793305,49.03690411867661,1456.1919180803295,9,0,9
23,14504.120681103086,39.85211586753884,1123.7987576008754,8,5,7
32,24233.18498023833,54.323578347840765,1329.6228112886242,6,1,6
60,9649.576168369236,39.45584495934549,740.9234440737331,3,4,5
54,7372.374145376306,50.65650590853279,1234.0837798535604,8,1,3
50,11540.459650593777,44.56105779472532,300.0,7,5,10
25,14772.06991822251,61.89075376158252,1125.241536735206,3,5,10
61,16216.69724661346,44.229094146172706,547.810702513944,9,4,4
61,13793.819710718351,18.40451297689678,1682.3978066187265,2,4,3
22,16760.276982571486,63.92882251070988,1510.9629411058045,3,5,8
56,8742.30287904778,31.414015487060716,1386.6683927864324,2,2,3
21,22218.823020366297,35.1935049202677,1808.402490863752,1,1,7
23,14589.244108037155,36.065080589347616,820.433391670065,4,1,7
62,20586.479157940637,65.61657139756227,1898.9452791662234,5,2,7
49,16713.626731888522,12.964886790319568,1572.8766257041539,6,3,7
47,17283.76609576892,92.0662280048999,1105.3778851124216,5,1,2
64,17848.83640116102,60.84085213599078,1654.2480588731776,1,0,10
52,17238.542800086576,48.348583711937394,757.4825950353463,3,5,3
57,18213.61379933772,44.1765899907557,870.1943353889305,1,5,10
33,21645.762650662156,49.28331112286485,956.5641107041199,5,2,9
30,15982.60584850735,52.81683642569008,988.4089167743939,5,1,3
59,18545.01878794256,54.678233789250854,777.3769428958989,6,3,2
47,14551.321528563867,53.334066990051724,1689.2332268381301,8,1,9
36,22200.586077247364,46.34371021882873,1096.4582398520674,10,5,10
34,11618.038489703651,42.03992369539011,1341.0019873427518,1,4,9
36,24004.70216455408,42.730900745197324,971.8594534345277,4,0,4
45,14799.210246778282,42.07637579470978,471.7586797805932,10,2,9
43,7846.124489409759,62.00655145300597,1308.022943356569,1,4,3
54,15640.522074553946,53.90335083421293,435.09800983208925,9,3,7
43,11594.741712625597,10.0,1172.5463815658125,7,4,7
40,19203.21774494362,54.83851164794642,652.6739844668758,7,4,8
26,11736.880103488045,47.92104292078162,1994.9103996923232,5,3,10
29,12769.082833926102,44.71936865331154,1564.5450888698888,7,4,4
18,5552.296345272345,39.17222320366671,1242.3015165085922,2,2,3
18,12738.468403754616,61.8616907997902,1705.4826710618674,4,5,3
64,5000.0,59.21289693184287,861.4736090137056,7,1,5
51,7080.485882571384,33.40683498264586,1417.3917514680372,3,4,1
49,18802.073280721488,51.105784306868024,1279.9241734874854,2,2,10
42,18929.000793254163,30.42514898188071,1305.608032533468,10,1,3
57,17127.287808924822,24.30572752816604,1708.941400042707,2,1,6
62,10165.119284353936,35.59924163115052,1492.996841111921,1,4,3
18,14761.4432192901,57.93590208574138,1315.4894651300092,5,2,5
33,14981.987304547158,59.2968756806413,538.0450255086815,6,5,9
56,9208.176554037287,52.69628130145939,815.9814818882145,6,4,2
22,22516.991508835752,55.87643680271996,1150.9164265617103,9,3,2
39,19386.811452878355,52.742674306724375,1237.3489497106605,4,1,6
46,13895.17913085168,35.37777607165572,747.9185101304305,1,4,6
20,15134.429194972654,51.47883817010911,2164.6706702313686,6,1,8
29,16041.914039737763,57.00614287841523,1806.5576221014292,5,2,2
43,5000.0,56.314369947203616,1440.8473281569934,10,0,9
33,13764.113087397016,62.83370057211964,1228.814744513498,6,4,2
54,11590.078760011007,55.624557708015956,1115.1164120395392,3,5,1
39,9991.899950525421,50.27172311312374,819.2326159911058,2,4,10
46,13594.498535570227,61.052253574746416,1230.992207407545,6,1,2
31,23988.432634247612,44.6021811112641,1303.1010160571002,1,2,7
45,18204.21430633505,31.771880231584234,703.2957698073503,7,3,8
22,12144.105051086015,42.553995540843545,1333.670566897959,7,5,5
64,17862.913906780792,33.82646032790326,1137.8963804701004,10,2,6
47,21996.77718293001,34.87232587538428,436.87697684904356,7,4,1
63,19623.168414563843,42.83221993926723,855.8459956881993,10,3,6
22,15298.15184960087,33.11370118500058,1034.5577866313424,1,2,8
29,11765.31611147213,40.38057705541439,1955.0750629360762,4,0,3
33,18491.116568067948,16.595779995693213,1422.6212498135033,7,5,1
43,16967.426927108747,48.19940561059408,665.8073723600435,9,1,4
43,19475.966100138663,45.01808213043336,1394.4145157670548,5,2,1
38,18175.859008409847,32.74367053397714,581.0784044246537,2,2,8
56,20247.763576596677,54.88868502648607,1633.0764215548293,7,0,5
53,12323.82394219716,59.06355206439838,1011.5501392728486,10,4,1
50,21586.97032817163,20.886602034465387,1162.5455245043318,1,5,8
47,15987.998023461998,33.55912832150679,1730.3186590168762,7,5,9
54,25376.304363126328,33.46286475319053,685.1345725663,6,1,10
40,11554.060909552161,30.90145348336703,641.1527259548035,7,2,2
27,23679.819015826244,57.44212262897623,966.5602694615981,10,3,9
22,15989.553917313238,42.09260791840795,1615.3515404077266,3,2,8
53,11742.909981927758,41.03227738034084,592.261569809263,3,1,7
51,12580.570829728393,14.942064533898698,300.0,7,2,3
48,13398.2634590284,54.5312704531384,1019.5364566364005,2,0,2
27,17120.82973200958,26.41112407719791,1420.6963199643683,1,2,7
36,17614.177440177496,45.89898945399492,1680.1046998955317,9,2,5
49,12131.499980307104,49.160654069372875,1014.7354551658404,9,3,6
18,14878.227038695086,65.40987893757976,1035.429357153599,7,0,4
22,25711.35179305932,25.36769401321332,1661.5602937022988,7,0,2
62,23637.715850503555,10.0,452.10332012183176,3,2,9
21,17181.61834837016,47.75774317130542,1044.5916899267963,10,5,3
33,15190.017390841002,72.0076677226628,1276.169555970023,2,3,7
41,15600.156633591307,63.58419529409156,1379.6874885140137,7,2,8
33,18067.589863652083,48.14489122911939,996.077322723647,9,2,2
19,9886.037174007972,37.62545721551929,1213.7764046823365,1,1,6
45,13713.117312883274,57.10683894955966,300.0,4,1,8
49,6657.079630612052,30.396807004432972,936.7006350664607,6,5,7
44,16996.115613026395,52.14536654034329,1381.403485021787,7,3,3
37,18235.979698513704,52.5820523874994,807.0823862981282,10,4,1
41,12584.06768850313,60.90314861248319,1223.593688635839,7,1,6
29,22869.933816450164,86.39490058366616,1378.7490003210792,10,4,8
52,8871.171684988294,50.88623950768151,1062.980319656894,2,0,6
50,7678.125598950899,37.36554561438752,1268.1855083986284,4,1,5
50,16122.25909279986,44.616385317120084,814.9069738861551,5,1,8
60,20235.491513060773,18.463861426663225,1117.3554881215814,1,3,2
54,23419.638457289344,34.579303033664125,1444.086467835689,1,5,1
29,12705.5786856553,38.86076342830344,1262.7891843873738,10,4,1
20,20393.404167156477,37.138674030981115,965.3874921744258,3,1,4
18,14807.457652496463,47.28532308050583,1289.686561716317,10,1,6
50,14136.863500295902,32.66370101426699,1485.8439162546472,3,3,9
57,19418.299687433362,61.81546000986707,380.0234885690088,8,3,1
27,18261.6143920671,45.00310597377295,1663.6296259823591,9,5,1
60,7118.039215078753,44.860495182920786,1065.4981045275713,1,4,5
61,22382.70174862948,40.081579252306234,1370.1959732960922,2,0,10
46,21900.45677073726,47.32786025788469,1678.8987694580912,10,5,5
30,11872.186492452352,57.37647397001452,651.3305211078136,2,0,5
29,16979.017667187047,31.993046764336498,916.2235990289814,4,2,10
48,17470.150931413693,35.12825266387115,1084.580521649718,2,1,6
63,16303.368829119536,40.44410956835003,886.4985915502286,7,4,8
19,12248.4742307729,24.811936147901775,1893.9746303347233,9,5,3
52,11641.883160309742,32.71113210417754,857.2911624692829,7,1,9
40,14872.229645042773,37.85668689683011,977.7812882052533,6,4,1
34,20863.645096296823,58.11583771069091,1281.7556126411907,10,4,4
43,17718.000772972162,48.938419935028875,719.1401895695644,1,4,9
25,13146.92833956947,47.90384867051316,1041.7277152974943,10,1,8
46,18858.493553241722,57.763469432519585,1326.98130450007,9,5,10
43,5000.0,42.93942317400905,1066.8558382469955,5,3,9
27,20743.828501860517,50.856972748933345,1162.6452564400206,5,1,1
43,6301.431106109501,43.451673706012556,988.2671550206517,6,4,9
51,13187.79529298434,48.980435240994424,594.2118763276932,9,5,3
58,9401.650526869282,36.25862013582627,1328.6372845356955,8,2,10
24,8526.59262139547,10.0,1901.9732286588965,8,0,9
21,20804.1339368926,42.985812567205436,1207.3606523133753,8,4,1
62,12661.493993440543,66.3412220414991,1290.1056468990198,1,2,1
28,16732.519408653578,58.893231033623884,1477.0891020467438,1,3,9
46,14765.39710560408,59.48096226886756,692.2678013813204,8,4,6
53,17385.204136115608,63.54196082709326,1881.0058632518421,5,2,4
42,15384.109455301277,46.32986386442156,1280.9315185691207,9,4,7
38,8585.038879057152,47.959735611083936,1852.7427596356436,2,1,5
53,19981.3340972357,35.73522156848475,906.7868017904043,9,5,10
27,12531.217084193438,40.25890715959425,1927.2247690231297,8,2,7
54,7217.0905067012445,54.23656724656712,1510.0621976139132,9,5,8
26,12859.424195170437,63.05826655753224,1421.2160343409435,4,1,8
41,22503.798953171554,42.90830586478501,1293.6097817412592,1,1,1
52,19251.108710567463,38.24716102722883,1100.5885527702203,1,5,8
52,13256.739327960704,45.00791938284896,1680.212663389549,5,2,6
53,13253.711478407857,54.01810123393672,1256.1439479392188,2,5,4
35,13391.824743913086,23.342177757996872,413.17211856513904,8,5,8
56,25383.739917804203,10.557285702941428,753.125415317199,10,0,3
49,16909.677261157765,36.74194725762625,1125.6616991229012,5,2,4
41,17150.20823595535,26.68931361128762,1323.999593266222,5,0,6
40,20151.41727015921,37.37789703529034,1177.3646044400416,2,4,7
49,16193.945795132568,42.78329521773793,1687.5883159174653,7,5,4
54,13704.789270896485,38.2012738646548,419.55925438455006,8,4,4
29,14018.250754575109,66.78701301706118,1257.435174602064,10,2,7
30,14641.99370292968,49.9011714690348,472.80830984513807,1,5,6
40,14813.888817450792,49.507115394162426,1503.8849181936673,2,4,8
42,18638.1477181849,54.333107160651025,1162.2165142231988,10,3,1
52,15259.729429036497,27.917503233288464,1367.8439888096473,4,1,10
58,18663.200386077897,60.58667681130403,854.4468157640936,5,5,7
47,14596.417099457089,43.863535701968104,1711.7859726631004,2,1,7
34,15393.175951580453,55.05720925861819,1616.6898656235405,1,0,7
37,5008.9965773394615,28.92214150439767,1433.417721204755,9,4,7
42,19581.638373512407,21.693618509759034,1148.1931012546238,1,0,10
39,16732.442379489963,57.26834487037543,1431.9429141180528,4,5,10
30,19990.050549298263,50.64614289146275,917.2429728050604,2,1,8
36,5000.0,31.469226684637345,1542.2222636082847,4,1,9
53,25441.87352390364,31.955053780879584,1859.7923577295683,8,4,9
29,14302.051859224131,61.88152176622154,1628.2442239916745,8,5,2
58,20540.91408368758,27.15882160699008,908.1590120770362,9,3,7
36,9800.470364372346,69.64009429883944,1344.5669269092411,5,3,7
29,18063.86952531285,31.49068898028197,682.7433824965409,7,4,4
26,9732.92218413172,54.57587888412574,1428.9561244702702,3,5,9
24,11881.155196520975,40.07072286376523,1380.2413651450156,10,4,8
45,24570.15676933393,54.047811466235146,452.0734641871344,4,5,1
31,14046.587996183267,36.838289968287114,735.2864624350545,10,0,2
48,16087.164365898614,42.558106408915584,1086.7444413024932,9,4,2
36,19350.33865344377,45.61378763093582,1079.6561011436695,10,5,8
64,17478.409439863022,29.96718816327791,716.2092258324778,10,3,1
33,15752.094525717883,56.11236518130189,1355.5914917408736,1,5,4
22,16824.805012331126,37.30179650292622,1300.5894435762048,2,5,10
52,27017.077926191378,41.571001269899725,1122.2923472085922,5,4,5
29,14711.906014832073,30.084759380872317,897.6833999366548,3,0,9
42,16005.495233574837,10.0,1619.4828505666255,2,0,7
38,20253.27198003806,42.13458356099746,1862.162845235318,1,0,8
53,20527.629664789918,81.18923132419374,1006.5754064613852,10,0,9
40,20935.1515278019,56.769064318470356,955.1332331380718,3,2,7
33,18193.651110145922,44.71109430398408,1396.4830661647984,1,4,5
56,9284.975436347582,41.05663756187599,1056.7882481012055,1,1,5
62,23167.15766150548,45.33698839218069,1144.2411197347064,1,4,10
59,9268.27303490656,53.20678672762815,1495.8612606898687,8,2,6
56,16513.177326195168,27.287807770367326,436.2575649970829,3,0,5
31,11228.62074990321,61.71482542003308,1727.3209299410678,1,2,9
48,14679.308267035038,55.73071973161866,1229.0722097317366,7,3,3
22,16643.8120515174,55.772785885619015,1035.402742175128,10,3,3
52,16606.786077251367,51.57713608214591,1164.3063383114204,3,4,7
40,17109.603771176422,45.294249865409846,1184.9717420082075,8,4,7
46,23068.556345293237,55.0929185395023,507.51947862202985,4,1,6
60,17267.6715075699,53.87721200612067,1797.9752909812944,4,1,3
28,13779.216823546756,39.68938933588464,1216.5302529082473,5,3,7
35,19820.435841441787,36.39597340654649,1377.20085217895,6,0,5
64,20947.352444623204,46.527844428929804,1580.619908229617,7,2,7
29,8861.960924315037,68.23530227242782,791.5350169758799,4,1,2
26,17987.00034924929,26.413393865191487,1389.3887596140914,8,5,6
27,18505.86371155449,22.9871210137134,1092.9435636404826,6,1,8
61,13512.18248320004,47.47141261854775,1538.7083100865975,1,0,1
34,21878.534066558095,45.76331552784027,349.10903185940185,1,0,4
55,14249.722064837366,47.60012496555612,1160.3622799034924,9,4,1
24,15627.88226735771,48.659297968627506,958.8717376864154,10,2,1
63,14134.640878580652,41.65196618047792,1372.9051802536621,6,0,10
30,15077.895237907338,67.34795157903123,1388.0176749472807,10,1,8
57,9518.62456552399,20.986440322852268,916.9496420711896,8,1,7
59,7799.7455870285285,32.57254462829631,915.1304543295826,7,3,10
26,22972.525316124862,43.45117859776429,1155.7338525770683,6,0,1
44,10765.19325840836,20.352167832687492,841.3431090739168,4,5,2
19,10043.038252718463,42.362183933518935,1536.7934781808508,7,4,4
22,5000.0,69.92205248592028,1052.3171198210216,9,2,1
46,11805.191261552489,45.313297324439425,300.0,10,5,3
54,8384.551032962509,48.460513585780255,1050.0711773512776,10,4,8
55,23210.075800681843,26.097528522411295,784.5824716624111,7,1,8
36,20049.085446713172,35.75457887940784,547.4896738156218,1,5,8
25,11559.248274111382,39.37205429514094,705.029344710971,10,4,6
62,26262.179026721544,40.23427354865649,1243.763388733188,9,1,6
18,19908.827434957973,64.22465692505654,1731.4563312992925,4,1,5
39,13375.843082456888,53.36536591087687,1325.273789545992,3,1,9
34,5000.0,28.32813064594452,957.3986447137041,4,1,4
24,26454.71286295371,48.697571676480074,1382.361678068281,4,1,10
42,8052.1376661820195,52.47332622745178,1016.3638759124033,10,3,7
62,6773.006265215541,62.102235577819,922.1598523347421,2,5,1
21,20112.8521600482,68.70811029852561,738.2549327068062,1,4,9
53,27198.762031696366,29.773587122581972,499.2684772993124,10,3,7
23,21921.36409255259,32.83713733184493,1044.030517376222,1,3,10
48,17819.545600261798,26.136332116280755,1263.2213959680528,8,0,9
36,17973.77170832643,41.48970211339528,1161.350531994044,2,0,7
61,19267.07779390154,51.995375616695014,1033.6132288210565,10,0,2
56,18794.642948933826,59.81001774883653,821.7015757212876,5,2,6
44,16405.95711984688,43.86073464536216,1443.2984766739874,4,0,10
27,15521.005519759381,40.202287151177345,673.147232021366,8,4,4
43,14687.034360502388,47.27636988373111,1510.4111655373902,2,3,3
36,11230.17705566662,32.472856475549655,799.1131924293102,10,4,2
56,13596.62461566613,76.3430808254216,899.0259050587861,9,5,6
20,6535.215929023072,20.88508459322912,613.2859237537292,7,0,8
62,14508.30186602625,47.77110868343587,999.4391412457453,7,2,6
30,10057.044464245413,75.35409328844459,1590.1249833911916,1,5,9
45,9482.053413921145,45.10199766839997,1406.2512353775826,2,2,5
37,15899.470755767392,42.14941447497758,1591.368844811214,4,5,2
45,21960.011431722996,39.63831865784359,1408.8570183735744,4,3,8
25,19591.583030011563,42.29412477356388,758.5320685878523,3,4,9
58,7147.496981884115,65.59272712014796,1067.684310268977,7,1,10
56,10051.859317148312,11.822071330057398,887.9203483530149,8,4,4
18,19703.85593994108,68.00150551944489,1732.229961615616,2,0,6
20,10087.563032308452,23.640642713247825,721.2845414294754,4,1,10
30,13876.834250014877,41.00021506148378,1557.4790757556443,3,2,8
45,17750.26049512276,38.56133369552008,1557.1815480435077,2,3,9
42,10158.277725681823,53.828299046560794,1931.848080686435,6,3,5
50,15526.8775307298,21.028134721743786,1036.125362948201,4,2,6
55,8329.872525408977,51.93258999122914,1484.928863832065,6,0,4
23,11993.161780243932,75.36464434930278,2112.660734615537,2,2,5
61,16598.909670712685,24.552389931107843,952.9433292265213,4,5,7
62,7035.031332341654,47.84559251415593,585.9839009870561,6,0,9
49,17202.373689801996,35.070267333050865,447.99598643689455,5,1,10
62,14901.811005366593,51.388308092895535,1485.0848115445326,3,2,6
64,17762.44977208574,45.28721666123628,446.7399167765665,8,0,6
38,16119.570670323308,35.37769636433536,1051.0723788248308,7,1,8
33,21820.70214986922,52.31808427306611,1374.9252748155843,3,2,4
38,15626.122513239536,72.06522164680115,1274.0702147319657,6,3,3
28,12852.972294373736,42.13644312409052,1370.177945673669,4,2,7
54,15611.48751516142,55.79636913222273,1288.9159423203416,5,4,5
53,17716.49014518194,25.600905631932545,1711.5463253253574,5,2,2
52,15244.30035162852,30.65345434772987,819.0734477044812,7,4,2
36,15202.958456019413,52.08609416820566,929.2019446165875,5,1,6
37,11490.041560966223,67.26174042803947,890.9362218916704,3,2,8
35,11685.495412245258,50.3342002317849,1532.076724745044,10,1,1
64,7986.973641001532,40.30412954215269,1560.1594353580253,5,1,6
58,23747.883715934695,44.98937108135031,1380.4901277274032,7,0,2
31,8780.683823043575,26.243883990454236,1673.3974667559712,5,1,2
32,11535.474011020464,54.0677298953305,728.7836530494477,5,1,7
48,11407.963672154012,58.234995934851135,1866.8896446204549,9,2,10
18,19474.621884722204,38.218645007503795,1809.2954486849032,3,2,1
20,13525.25160853986,37.94936778360748,1494.2487988982987,6,3,6
33,21238.71036336867,48.98817344478073,1912.719563508424,1,0,7
40,11632.546878780657,38.44920395939107,537.3507169288905,10,1,8
28,16394.97081111901,44.008010780612665,990.2207454949393,5,0,7
29,10823.264733701213,76.49582683749773,905.8786157272191,8,4,6
27,25725.74563886694,41.29461448881005,1488.5917295029374,5,1,9
49,9062.007904852435,39.62489771968167,779.9437041591418,9,0,3
33,16549.103551135137,35.286872915472614,1502.9980597349943,6,3,6
25,18168.884404660494,56.16287957249905,1748.2144575986854,8,3,4
55,17068.995487257493,42.28163740172845,1478.0811600335996,10,1,2
29,14073.561705611459,35.25940442517861,1313.5004094646004,8,4,1
41,14350.896501332869,64.81956048409518,804.8506636397003,3,3,1
45,15219.057359895549,66.29404506770456,861.2596135498542,7,3,10
25,14264.989991857557,35.99364651391942,1699.8475621186667,7,4,3
45,19819.395583974547,17.001900729590755,1511.739601562133,10,0,4
53,26052.615007956756,60.11270534755383,1184.3921922489824,6,3,2
43,12212.541074960833,34.73055261359994,1032.8361816936438,7,2,1
25,8150.985102104611,56.85938398744153,389.6768507554492,2,5,4
45,14558.589758243726,15.448442734322466,771.6590325262245,9,5,7
45,27898.546688271592,58.38896007448964,1964.5676348558893,10,3,10
54,10981.627160151345,26.83242106078828,687.8177715990133,10,0,6
58,23195.584027220335,55.96146178599787,1275.7919284884322,1,0,6
53,23388.5040703822,45.21409601754651,1602.9775892780794,1,1,9
44,12232.058791460027,30.690908709050326,698.0309327990831,3,2,2
34,17844.91539592638,38.894455306098294,1273.8841899124334,3,0,4
26,23141.983115642688,55.294776854350516,1575.166215004262,1,4,5
50,13104.361295062565,46.58841679672852,1204.9997287629,7,2,1
37,13982.098199488191,53.766194707087266,2347.361222266707,4,5,8
30,12091.59543025678,74.64660876773229,532.5602964487219,10,2,8
45,9926.216346535664,21.53637582433423,1623.4914119535515,2,4,6
46,11753.612274669964,69.25818862452937,1130.8793050414142,10,3,5
30,8880.298666188717,46.565339062848196,1508.76806193467,5,4,8
63,15170.41734129613,31.51823927515308,1376.5228606796984,6,4,3
52,11150.13384470679,25.04529561391515,906.7375211560013,9,3,3
23,16168.929558953738,42.163194138344494,1291.5985569837362,4,3,2
35,7220.521768981864,58.82475167886689,456.8394194406851,2,3,5
22,16654.401161072285,43.08676319433699,1441.2990002285576,5,3,3
64,19167.644808044624,67.66732395371021,1319.2633863962103,3,3,3
42,5031.321787142722,23.232364649226618,1455.464067457241,2,4,6
19,16870.28284923786,44.81866578230918,1623.2473300348602,1,1,8
27,21138.34496236646,26.214098333803214,1347.0479360838845,10,1,2
47,8951.794906543972,50.45447823937452,1259.2357679193105,2,0,4
62,23362.861934188517,58.30331085145951,847.5726653354832,6,1,7
22,17095.095046830225,38.6885730947842,915.1116945403796,8,5,1
50,11474.940721207957,10.0,1674.6938480709323,3,1,1
18,14721.15461171147,47.98422220194742,1774.5341622823914,9,4,10
35,17791.63456260861,51.55107827600264,1104.7558254751784,9,3,7
49,15380.026957062057,51.06442132442547,1218.4010989013098,2,3,7
64,17693.779962231845,63.53673287733231,838.1542500024937,8,4,1
28,10396.632034603168,28.934194805264266,1669.102738106978,10,5,1
38,15846.80412018039,55.20324158175674,1466.1667294767115,5,1,4
43,7931.427515475099,62.88761268716962,1976.4869745854996,4,4,5
42,14443.869693256498,18.321186239902246,848.6707691281044,10,0,5
39,10480.461792676051,49.79477738878466,1048.7968403927132,5,3,4
44,11322.350287051167,37.43730253488493,1292.578369010229,4,2,8
30,21180.465876052185,43.77715990347531,1458.5958150903084,8,0,7
50,20456.550602971343,50.215147253075045,1113.732944980947,4,5,9
51,18045.690604535885,37.691571538296714,850.8155638185199,10,0,7
58,9538.436176637104,34.86437881257582,1552.5630115694285,6,4,10
52,13417.95775152599,45.512286262320366,1488.4541450182328,2,1,1
18,21065.488499895917,28.69131091705796,833.49035977451,5,3,7
38,15708.584568199523,28.71262306672222,1742.1771204421984,6,5,1
23,26596.64769990847,55.19059924434755,1668.0794836786415,5,5,7
45,16966.589196971858,27.768089472620158,1253.718598899117,2,2,10
34,15960.245582450158,54.994687513638176,1231.8391449504145,7,0,8
22,13454.417678987493,51.938869392809266,1421.623108446363,4,2,9
48,15667.704523911412,19.11289906814105,855.3187718974967,8,1,3
22,14237.650818097281,34.83653021496517,1212.012591665633,7,1,4
55,18540.543383442953,62.91164104571059,339.0465821563279,7,2,4
20,19783.51158397292,30.282517032904778,1550.5822582011742,9,3,9
40,11070.052697460253,38.033936065359185,575.4027110232562,1,1,7
54,8343.83523221111,51.93091339877844,1801.3679313715998,10,2,3
54,5818.973134483516,56.75085763923893,1067.9519624134198,6,0,10
27,17539.956634562717,41.22691670933256,1115.3332072275293,6,2,5
27,9483.16696913063,36.03734707962538,948.9064375661977,6,2,7
36,5000.0,66.33554792547761,1084.7844504311695,6,4,8
34,16942.893022654822,71.08349495696368,1767.4125380592145,10,1,1
38,27464.997587163954,59.68287076172693,300.0,7,3,2
31,14969.645442300533,46.27977213847536,1710.786154435275,10,3,7
26,19192.453872258207,32.8760141753861,1335.2093924406834,6,4,2
63,15409.146792737825,32.54333390165152,717.1913408571138,1,5,7
18,14505.551734044288,52.837711578986365,769.8750427803049,3,3,9
62,19595.382414938842,51.275973313330255,1870.5572108832812,2,2,2
30,13548.627279056744,66.02397889419645,821.7972480229075,6,4,7
21,16336.961570359515,54.75675138804209,738.6597957616162,8,0,4
18,16608.48903098007,22.45379547360273,1654.9258169458917,3,1,2
57,11659.547731784756,60.77921426584378,1335.4211505143658,10,1,7
49,19960.211747682613,30.029090590283808,824.8297693854404,8,1,5
51,14125.201216522957,39.24043092071473,1286.6499901618477,8,2,1
45,11221.274202535777,48.75300309377542,789.6989265438891,5,0,5
48,17682.549217852018,74.93501234675946,1640.328559369042,8,4,3
25,10507.660091044814,91.64877834008041,1624.5483859492533,6,4,7
56,15140.905786845642,54.10084588704274,1412.8024795287772,5,1,6
43,14954.405016778983,42.25205071919418,1344.6644244988065,9,0,8
51,20429.47782915789,53.01758472720825,1904.4752499469496,7,0,5
20,17373.491164399762,58.31483138810754,1199.87453095529,8,0,2
29,14874.86520627428,40.189985616642126,727.2503498316796,1,3,9
18,19088.831496001436,71.92817033868484,1379.7895651329227,2,3,8
61,21951.037745086567,48.45106138787103,2034.4188198148454,8,1,6
22,17789.051531759313,52.46614633637091,794.0962027256592,9,0,10
47,15051.763099216903,54.98886378081692,1055.4148933224058,4,5,7
47,8440.818838249203,51.32379915921683,1366.578415240581,10,0,9
34,9674.431684623138,57.58410750704418,1178.4380603977042,10,4,7
64,13473.876478226663,35.741202201796156,807.0785678490741,9,4,3
40,11952.438989203583,36.62547369080954,1648.7431424921883,4,1,6
32,14065.14348507277,28.497686505424575,2128.0162888069035,10,5,7
54,15283.249624485536,51.59251845930339,1278.452583609563,10,0,2
38,17648.463771783652,56.68404755268171,838.3726841055999,10,5,3
31,14647.506109704544,51.866592992278285,580.41578997861,9,1,4
19,17432.50821913101,70.11738650021306,1303.1903924884723,7,4,10
28,15322.372074050601,44.9160597175643,1641.5509373265031,2,4,6
56,5122.667168230644,55.03112483388769,1390.0670985981526,9,3,1
55,10303.323030906227,28.624486857910284,1199.0384636324584,4,1,9
51,14279.562221391923,39.193504462883986,964.2913392842775,8,1,5
55,8951.526285794462,55.43306636348666,763.1345469127641,7,0,7
51,17999.643649981022,57.73653166114716,1533.900530529953,7,0,9
35,22653.754161718487,40.59049578503726,1565.5086485542342,8,3,9
47,21093.809258486584,43.926011222129,581.7080853237068,1,2,1
32,13932.78564534896,22.23189379978786,1835.9355912722735,5,5,1
44,22453.630684249758,39.64456198790086,1429.6284883576004,2,2,3
51,15743.337286010557,58.35574745279679,1759.8378580583174,2,2,6
55,13314.570144409803,53.628075241598495,663.1489006059539,1,1,2
50,11932.9866822953,52.50998582071814,653.6703378338244,5,5,10
41,13487.651567559358,45.746605307714404,1140.4122760930813,2,1,1
32,13059.115907293857,45.105947379422645,1401.1137707580776,4,5,1
47,15852.081111877438,35.09518290789829,1918.5443291707854,3,4,5
59,15802.869905249323,55.482426303038025,1482.4315655260525,3,1,4
34,15015.230100767072,51.314594165840845,1102.9274892751866,2,1,1
22,17184.69084873175,52.38028271989199,789.4523169336431,6,1,4
46,20953.231373931707,37.10947735998629,1692.00022908766,2,3,3
21,19747.77067720662,12.699856201931333,814.1178296997141,8,1,2
27,7575.510157750482,61.45729067630543,1851.3874219089287,8,0,9
34,5000.0,37.81743815987394,1086.2461401573962,5,0,1
27,19671.59955619637,32.058363539353195,1836.23282904714,10,5,7
34,8165.606507922895,55.4021836787099,1471.5725160237114,7,4,4
37,13876.172990536583,39.11981040121306,1145.2018042230168,4,3,5
41,9149.434869703204,60.89904576069932,992.2414512695493,1,5,10
22,5990.097812099901,54.25508924365046,1063.636849061568,2,0,5
51,17707.31364102394,55.253539848007165,1371.326676950095,10,3,1
23,18795.775801513235,24.510664331991986,1230.8625984870866,10,3,6
19,12117.447996366403,63.179159780796006,962.4754367725179,4,4,9
30,5000.0,48.91875796850784,1133.747435872947,1,3,2
60,12268.777758737586,39.460842911306955,1231.43081188766,8,1,7
60,16959.02002701273,47.15082701013377,348.50636223407514,9,3,6
28,7605.442156129357,18.3564715065252,1383.2672459154794,4,4,5
64,15916.799598895777,51.12979217221006,808.1115101132773,10,5,4
40,14923.450754135023,29.559427377268925,738.667038717702,3,4,4
33,17896.457498005442,24.709945712346983,525.0622611557159,2,4,6
48,15597.901842070767,22.164612206731633,482.44300085284385,5,0,4
28,10134.655295592223,61.69032562484888,657.8209987550844,3,1,5
33,20982.857508322457,35.561049094608165,916.3916169478039,10,0,6
25,14207.35213486515,68.00591564874749,1981.3036550106272,7,5,5
21,14863.477302450341,36.96297805421553,989.6481296419184,6,2,7
57,10333.66020463402,19.3896306361058,1271.1000425072125,1,5,9
21,12783.588744042449,28.252133400770113,1360.1925546025316,8,1,10
42,10575.986429865496,63.537174300104084,1252.4260744863395,2,3,7
20,14135.269700382885,42.66152733094999,1169.0226157096026,5,4,7
49,23558.542400711718,36.77569055264099,721.8824945603021,9,2,4
20,8140.4942853432185,47.40027338779181,1780.371019311685,8,1,1
44,6932.1930106162945,52.52674104251317,1922.878657455154,2,0,8
46,22355.851637468044,61.76098223853691,526.9365223509257,9,4,4
49,13953.381614240669,66.7274884483939,790.3885636454481,5,5,1
36,11654.636306700417,39.60347031316371,1088.0758630491976,10,0,5
38,20199.52343698038,25.109284708769426,814.1848820359235,6,1,8
22,11971.922301315679,38.79802258315086,1402.386221382346,3,1,4
35,24130.04856773468,48.90420759874329,908.6911190373548,3,5,8
45,18389.629356696347,30.543616106840837,2066.0224271226407,10,2,8
59,12560.442959271488,30.642736276574357,1676.2194377374385,8,5,3
39,25786.541066327518,50.15681822324828,1285.029612252886,10,3,9
38,11971.425384983308,44.270214726443236,1610.794505327893,10,0,3
23,18710.476860046536,45.4919549311738,1642.3601697429235,2,2,1
18,16496.46290203246,33.62256997949896,974.4210047767027,2,4,2
22,21508.70644699399,41.54398928691349,873.5131021832141,5,3,6
58,22807.555983634265,31.136502835975435,1231.257225187859,6,2,10
29,15160.020745328833,58.3529761668718,1544.6544497991777,2,0,2
43,11232.910648269082,60.52874002085629,1255.624159461367,5,1,6
63,17299.860714695584,17.30718206642859,569.2014071236011,7,4,1
51,11611.423151239469,31.05733709711385,878.8702224196632,10,5,1
31,25066.936237633116,22.552061173648813,1170.4108545622487,10,0,5
43,15682.676655413687,35.249640983896526,1169.733758269668,8,3,10
62,13173.392243439457,43.748430453144586,1989.0168707159232,7,3,9
44,15923.401529324543,23.25532170452205,645.6048230404008,8,1,8
26,8264.368552351518,31.172102803120303,1402.2356967343499,9,1,3
43,10141.929807446742,29.940639418777522,1795.6452433313157,5,4,3
64,21002.069539722128,48.10900994098416,2108.5798981691187,5,5,1
39,11715.528605143021,46.04016505554375,1038.2410307264154,10,4,3
64,9765.445086590302,34.1739366999412,1396.57178108808,4,1,1
47,17683.26376263643,47.65231308209097,1427.9041428794587,9,1,8
60,20928.520773314984,36.79979873119102,1278.1926926213164,5,3,1
34,18594.766553325335,40.9251733451092,1160.4619195042776,2,1,5
43,19980.238429029083,70.10178135447805,1374.3901558000184,10,2,9
53,11216.024557152696,65.10691577685522,300.0,8,0,7
18,7890.946666290782,25.506281446086035,1472.8277960250525,7,1,4
25,22506.668259777434,57.44598626818762,1250.471161464787,8,4,9
52,13386.600805789321,57.170948317373885,1111.0100412886939,3,5,9
32,13745.834917724764,27.776050668710724,2018.7448782878232,4,5,2
64,21640.970709245288,57.28166465632291,930.0263924837791,5,5,10
39,17781.1500470033,68.06897877618829,1038.7696043739877,6,2,10
31,17279.438860408038,28.16182790633379,1996.6213208818936,1,4,6
43,25825.01172450542,31.237457684786044,867.1754780600573,4,2,4
45,11782.408848099285,60.26492200265254,979.9538868253844,10,1,8
40,19639.200640406187,49.07242966238472,1141.18983062766,5,0,7
31,15285.065624485422,53.27214412859285,1536.2937928518197,7,5,7
41,16342.961394316284,50.10883824600745,1283.1210029413253,5,4,10
19,22642.34213206266,50.86043881392216,682.949861139095,1,5,9
62,17539.178781448118,25.102918075333754,987.1325747491242,7,2,5
43,17691.480395248163,60.70976559932173,957.0582267151154,8,3,6
31,20362.53668654901,62.5438498864166,1169.1115819107818,7,1,1
24,13175.236352285574,41.559138838979585,1370.3374634519316,4,0,6
20,10803.951663304968,44.34784575279206,1367.282302355189,8,1,2
64,9775.954029894832,22.03338746166417,489.5952983806392,5,3,6
40,5168.217053119992,52.71382134026752,1625.5763950243424,10,0,9
63,25281.03564970161,53.58086162571216,1301.0275383986493,9,3,8
60,9483.958171391583,44.067134745010335,1753.8128190375623,10,1,9
64,13893.73188207114,61.86530039805754,1377.6793309162688,5,2,10
62,13615.933500555397,39.98884153530089,1640.529183094305,1,1,8
35,16537.033489045505,53.469088888404,1386.6181245800508,9,1,3
55,19078.686062696484,29.705034919618264,1738.4903024810992,5,1,8
52,19302.367441798728,44.64671773688643,1408.9002544071113,6,4,6
32,12084.612807155307,42.384686131457464,1160.8339014228384,4,3,6
42,14164.391431067943,48.37961883061412,2108.9738881787525,6,3,6
54,16412.8997524415,39.45709606749962,1555.6148489119569,8,5,3
45,13756.544369082265,43.027911064924986,1429.4977684017654,3,3,10
27,23036.727880099963,57.3907075716226,689.4782333846656,5,5,1
56,17454.874758191258,38.44853644142674,684.6769530145849,2,4,4
34,18674.388930249086,20.90134348891981,1317.0861928567413,2,2,10
56,18314.406343337065,71.24375856308131,1258.2084791072964,7,5,6
39,20867.369287426623,65.72181118035729,954.3509739966735,10,1,10
43,15905.107793518535,25.616059573415722,1256.3930798448241,10,2,2
61,8515.840260220768,55.34561707867792,1835.4507712174384,10,4,7
42,16998.43975876321,37.455378441729856,1478.1609898201195,6,3,7
34,11743.215531040854,48.952308229965894,743.5965960989047,4,5,4
30,12356.916591251216,49.4133619352024,1155.3964691428225,5,1,4
37,17931.820093775466,41.48388299525517,878.0134076589757,1,0,1
42,21191.415357168178,33.24351501620406,1044.9200334365755,7,0,2
21,15106.357883680308,34.64188421525611,1034.5537337481428,8,2,9
27,16544.16506299482,31.257121267781365,1008.9417669583979,9,3,10
20,23511.07472317619,32.522666876543326,697.9458512106421,8,0,8
58,16203.765897442841,43.99232564925967,1148.938127392724,5,2,8
62,28008.415570901976,34.26360016333872,975.756945261076,3,4,9
35,17827.54822815772,55.2307809856893,300.0,10,2,7
64,6196.186204220912,67.30869233003891,2021.1888098006652,9,2,9
53,18766.708105522663,36.29920137944936,1635.5078616866688,6,2,10
64,16905.79192441389,48.591067508030655,1049.4797100300016,5,1,2
39,21448.763770413727,52.49527665454401,1207.5276198962395,3,2,6
51,18365.906756349792,52.080034063789114,731.3382610729752,6,5,3
64,14307.720080081132,46.139329018741314,1878.289151124346,3,2,6
25,8878.508818553171,56.140236275395836,1958.9154779092446,10,1,3
57,13954.883713569874,52.23373429020986,1262.6774912986098,6,1,8
61,10747.3977289535,26.43506366509053,1609.412257674138,4,4,4
36,12097.382750976387,58.0373409658391,1270.1147115735696,2,3,10
59,17942.89202210305,58.30936255900113,665.3098244496277,8,0,6
58,23349.522521757033,33.550708437321276,1035.2706524145372,4,0,9
54,16973.357649114907,45.56906753171403,1252.7711867087828,9,2,2
23,9020.584689824078,55.24993489216604,1018.1809125026223,7,4,2
43,17223.013341100705,41.86029270630958,1112.5386890259856,2,2,7
51,20983.157433228254,61.09467071649018,1163.4401769963542,4,0,2
62,11951.085478403089,80.45808741929042,1167.6486008538154,5,1,2
23,14329.914166635412,33.210209510475266,1220.9033961989933,3,3,4
54,15073.440973645986,24.284330952693377,775.7579734413596,9,4,9
50,11075.508434588799,49.55727893407314,913.1935403488255,5,1,8
39,18241.402169219295,55.823437576892154,686.1662937200123,2,3,2
38,14395.259256961092,41.53700439232846,1591.12621987448,3,4,8
23,17097.662219535137,66.79890994981551,357.7412232638702,9,4,4
23,10562.539110989499,24.920913004151267,1661.4361373267702,7,0,2
21,12812.708498382948,55.393779345474165,1754.5397589051372,2,1,10
47,18611.906789138855,35.9120876886166,1079.1277652069514,9,4,7
28,13135.834239541166,70.79066859310944,300.0,4,5,6
47,23634.819256167026,74.88773029752177,1055.4757752130838,9,4,10
48,13001.819071926988,33.500151183249784,1174.3263354844723,2,3,5
41,16123.42362875943,36.7566429613713,795.7607120284347,10,0,1
26,19662.95415936545,57.89381830469703,993.9126424767029,4,2,2
20,7908.171335334841,39.19304025315728,1812.0780795453406,5,0,8
48,6195.955940096121,44.318831731016424,1465.9708649206964,2,2,1
57,7371.718427149526,45.38082630813615,830.17435424876,10,1,3
54,21312.92051713591,16.204902657035156,560.9603321618272,1,1,2
53,12240.709270537765,44.79243380858644,1069.1930729560916,7,4,5
41,27790.996428341263,34.654083389037396,1114.6172882598248,10,5,4
48,12178.762006713057,37.60315766400342,1398.4796749453265,1,1,7
23,15922.756515985186,66.65448005203221,985.8733149729364,8,4,5
19,22710.54976283938,26.152396585811154,1404.5998301447446,3,0,8
37,25030.464440795615,57.19807780121966,1974.0616160240916,10,1,4
45,25307.517883181987,40.81555604502287,1526.2004089777051,6,0,6
28,21041.83115296571,40.80359747256249,1180.764597067691,7,0,4
21,20120.312629057313,56.85557844077567,1126.739811578682,10,5,2
32,17962.634746005915,50.10076941853336,1057.3307463280514,1,1,1
23,18891.80538083319,53.55919495829296,1672.2563649808578,6,0,1
47,12244.071418357333,59.52276990799292,949.0746216194789,7,5,8
55,10909.005582888465,40.030374252250155,1218.089083599993,6,5,4
19,14983.12771294524,35.81644898238375,1220.4791607524342,4,1,5
32,14149.076887375359,28.722742101633028,999.2863228753872,1,5,8
28,12733.859753363624,32.61884205031567,651.0137808463596,9,1,7
25,18481.937237283575,89.23641637963088,1329.1898014470673,4,1,8
43,19776.526042852554,63.6701937110518,1175.5984112578467,7,2,8
62,15442.034431459237,24.73388450687968,1400.0961877746279,7,0,6
61,22387.65040527631,25.163130648846447,986.5598774243333,2,3,10
22,9291.554429332475,52.22799092577737,1688.3285195252192,1,1,2
23,14031.70270360141,53.2089719606695,849.2904875152622,8,0,6
43,11415.888396985974,53.233257529760465,1884.8161136071571,8,5,1
21,5667.316914634701,41.175663096694535,500.94539606869535,7,4,1
36,14586.596570786503,43.118186099956496,1373.9080258227564,8,1,3
37,14391.262458083582,49.91819286239036,1390.1722730106494,3,5,3
50,22567.248716210655,46.28839509439996,881.7771728236471,2,5,5
37,18154.058422773887,11.710494408786971,1369.757575144405,7,5,1
29,9879.065878353977,41.553005541372094,1711.8074679040635,8,5,10
64,24270.462831670942,32.2289034860953,313.27246425837427,1,5,6
18,21105.168477626765,47.62817128362768,1401.097922996326,10,1,7
43,17910.488517343078,89.77888503905115,300.0,9,3,10
31,13867.57950575084,50.51222498211457,813.7340785907168,4,2,3
55,10202.803816382602,40.297054707414034,1851.666545960378,4,5,4
54,13138.966119644734,58.827022529658784,967.2871866431784,3,5,10
28,20443.74309852093,52.24031830813819,730.4480142364109,6,2,10
53,24422.931529673046,51.30141735677762,1120.8249084061272,1,1,10
30,22716.217641360945,54.10275889823507,2027.162535265421,6,0,10
60,12555.75289106863,75.84815347244312,467.32710111758956,2,4,10
20,9401.912833554943,28.036673470111264,779.4760353442622,9,4,3
50,15704.43123455602,52.104481152171815,1798.9726732718505,2,0,1
23,6157.803172185742,31.104283050276923,1943.080937415093,7,1,8
27,16615.83857092391,53.33268969513372,1158.6275102838865,1,4,10
22,14261.987068506656,31.219702327708582,704.378918989343,7,2,10
40,12669.817490658788,38.73949779592373,2038.3374007236634,5,0,2
27,7026.484663666023,40.57365128643141,1837.7769566996787,8,3,1
61,17568.000532848582,59.63725079017064,1471.5787951048933,4,1,8
19,12336.495801690442,58.77681665913621,875.039060425032,10,0,7
